{"w": [-0.05989228424517704, -10.407799710885884, 11.079407184561413, 3.764017651342044e-05], "b": 362.27424234370545, "accuracy": 99.86220559626138}